file	bytes	lines	sha256-12
Main.dc.html	11784	105	030c8d0082bd
S01-new-free-again-chamber.dc.html	18245	168	720fd78cfa9c
S01-new-free-again-terracotta.dc.html	18162	168	7aeeeeb14357
S01-new-free-collapsed-chamber.dc.html	12116	114	39ea399e9d9f
S01-new-free-collapsed-terracotta.dc.html	12069	114	67108e464914
S01-new-free-expanded-chamber.dc.html	18245	168	b8120e9da3d9
S01-new-free-expanded-terracotta.dc.html	18162	168	a79abece7599
S01-new-no-tier-chamber.dc.html	11882	114	1e53a3d3b171
S01-new-no-tier-terracotta.dc.html	11835	114	54c2f3142499
S01-new-premium-collapsed-chamber.dc.html	11856	114	3c0b217d8ef8
S01-new-premium-collapsed-terracotta.dc.html	11809	114	3032c736c4d7
S01-new-premium-moved-chamber.dc.html	17757	167	bfe8cd611c2f
S01-new-premium-moved-terracotta.dc.html	17674	167	1ec559fffe4a
S01-tier-element-chamber.dc.html	11799	105	9d5cc23f42cc
canvas.json	6993	170	0c3a05d35d6d
